{
  "type": "FeatureCollection",
  "features": [
    {
      "type": "Feature",
      "properties": {
        "name": "慈城",
        "stroke": "#555555",
        "stroke-width": 2,
        "stroke-opacity": 1,
        "fill": "#555555",
        "fill-opacity": 0.5,
        "adcode": 33022501,
        "parent": {
          "adcode": 330225
        },
        "level": "town"
      },
      "geometry": {
        "type": "Polygon",
        "coordinates": [
          [
            [
              121.48149490356444,
              30.0554255466949
            ],
            [
              121.47377014160155,
              30.05720849081894
            ],
            [
              121.4706802368164,
              30.0554255466949
            ],
            [
              121.46879196166992,
              30.052751070312752
            ],
            [
              121.46673202514648,
              30.053642570466106
            ],
            [
              121.46535873413086,
              30.052156732418428
            ],
            [
              121.4622688293457,
              30.0514138050345
            ],
            [
              121.4596939086914,
              30.052156732418428
            ],
            [
              121.45711898803711,
              30.05096804592894
            ],
            [
              121.44819259643556,
              30.050819459114564
            ],
            [
              121.44561767578125,
              30.052156732418428
            ],
            [
              121.44115447998047,
              30.049779345171917
            ],
            [
              121.43857955932617,
              30.051562390957148
            ],
            [
              121.43497467041014,
              30.047847676012697
            ],
            [
              121.43119812011719,
              30.047996267285548
            ],
            [
              121.42570495605467,
              30.044578611613694
            ],
            [
              121.42416000366211,
              30.044875803744464
            ],
            [
              121.42330169677734,
              30.041458040410962
            ],
            [
              121.42158508300781,
              30.04130943933045
            ],
            [
              121.42227172851562,
              30.0381887651539
            ],
            [
              121.424503326416,
              30.0367026952861
            ],
            [
              121.42398834228516,
              30.03462216002981
            ],
            [
              121.42072677612305,
              30.033136036675252
            ],
            [
              121.41780853271483,
              30.033730488691315
            ],
            [
              121.41420364379883,
              30.03150127524609
            ],
            [
              121.40579223632812,
              30.030312340906967
            ],
            [
              121.40476226806639,
              30.027785808083767
            ],
            [
              121.3999557495117,
              30.026150958412174
            ],
            [
              121.39978408813477,
              30.02377294712483
            ],
            [
              121.40338897705077,
              30.025407836012256
            ],
            [
              121.40270233154295,
              30.02377294712483
            ],
            [
              121.40115737915039,
              30.02332706365836
            ],
            [
              121.40064239501952,
              30.020205823246798
            ],
            [
              121.40150070190431,
              30.01871948375574
            ],
            [
              121.39875411987303,
              30.01738175916562
            ],
            [
              121.39583587646484,
              30.01440897324891
            ],
            [
              121.40064239501952,
              30.011733389737664
            ],
            [
              121.39738082885741,
              30.00311157415979
            ],
            [
              121.3999557495117,
              30.00192229941819
            ],
            [
              121.39944076538085,
              30.00073301042315
            ],
            [
              121.40321731567383,
              30.00013836058068
            ],
            [
              121.40596389770506,
              29.9985030551411
            ],
            [
              121.40562057495117,
              29.995678373187076
            ],
            [
              121.40304565429688,
              29.99404299426032
            ],
            [
              121.40201568603514,
              29.992556262764193
            ],
            [
              121.39961242675781,
              29.99285361084479
            ],
            [
              121.39772415161133,
              29.99151553746812
            ],
            [
              121.39772415161133,
              29.988095934677663
            ],
            [
              121.39566421508789,
              29.9886906566673
            ],
            [
              121.39549255371092,
              29.985270956579036
            ],
            [
              121.39223098754881,
              29.984378841534237
            ],
            [
              121.38759613037108,
              29.9886906566673
            ],
            [
              121.38296127319335,
              29.985717011095865
            ],
            [
              121.38107299804686,
              29.97605204798063
            ],
            [
              121.38072967529297,
              29.97040132622359
            ],
            [
              121.3795280456543,
              29.96876553099426
            ],
            [
              121.38090133666991,
              29.967129708835046
            ],
            [
              121.38124465942383,
              29.964601567076024
            ],
            [
              121.37935638427734,
              29.96192464099509
            ],
            [
              121.37695312499999,
              29.960139983552068
            ],
            [
              121.37300491333006,
              29.958801469441383
            ],
            [
              121.36991500854491,
              29.95939636682688
            ],
            [
              121.36030197143555,
              29.956273115834342
            ],
            [
              121.35652542114258,
              29.9577603904499
            ],
            [
              121.3560104370117,
              29.956719300555342
            ],
            [
              121.37060165405275,
              29.950323794873793
            ],
            [
              121.37454986572267,
              29.949877581451393
            ],
            [
              121.38072967529297,
              29.952852299779007
            ],
            [
              121.38381958007812,
              29.953298499852394
            ],
            [
              121.39617919921874,
              29.944522864209212
            ],
            [
              121.40098571777344,
              29.944522864209212
            ],
            [
              121.40665054321288,
              29.946307801991264
            ],
            [
              121.4102554321289,
              29.94645654536045
            ],
            [
              121.41574859619139,
              29.94020913232378
            ],
            [
              121.42004013061523,
              29.930837277088166
            ],
            [
              121.42416000366211,
              29.929052061724352
            ],
            [
              121.43514633178711,
              29.930242208858413
            ],
            [
              121.43840789794922,
              29.93098604358963
            ],
            [
              121.44390106201172,
              29.934705133847306
            ],
            [
              121.44853591918945,
              29.935746454210225
            ],
            [
              121.45042419433594,
              29.9364902477971
            ],
            [
              121.45265579223631,
              29.935895213372444
            ],
            [
              121.45883560180664,
              29.95225736323297
            ],
            [
              121.47222518920898,
              29.95210862854026
            ],
            [
              121.48544311523436,
              29.96430413440542
            ],
            [
              121.48166656494139,
              29.970847447521304
            ],
            [
              121.48836135864258,
              29.987501209125654
            ],
            [
              121.4813232421875,
              29.99389432211273
            ],
            [
              121.4838981628418,
              29.99552970348895
            ],
            [
              121.48630142211913,
              29.9946376806239
            ],
            [
              121.48836135864258,
              29.996867722755475
            ],
            [
              121.49316787719727,
              29.99657038669949
            ],
            [
              121.48698806762697,
              29.998354389674052
            ],
            [
              121.48818969726561,
              29.999543707174976
            ],
            [
              121.4849281311035,
              30.00385486363506
            ],
            [
              121.48527145385742,
              30.007868530584872
            ],
            [
              121.4823532104492,
              30.010692865547657
            ],
            [
              121.48012161254883,
              30.014854896817084
            ],
            [
              121.47926330566406,
              30.014854896817084
            ],
            [
              121.47754669189452,
              30.017827669367374
            ],
            [
              121.47394180297852,
              30.02065172074969
            ],
            [
              121.47462844848633,
              30.02332706365836
            ],
            [
              121.4732551574707,
              30.025407836012256
            ],
            [
              121.46759033203125,
              30.02763718650046
            ],
            [
              121.468448638916,
              30.029420630793418
            ],
            [
              121.46724700927733,
              30.031055426540206
            ],
            [
              121.46913528442381,
              30.033284650013545
            ],
            [
              121.468448638916,
              30.035067992690504
            ],
            [
              121.47342681884766,
              30.034176325363404
            ],
            [
              121.47668838500977,
              30.034770771139573
            ],
            [
              121.47977828979494,
              30.038040159170045
            ],
            [
              121.47840499877928,
              30.03982341626667
            ],
            [
              121.47823333740233,
              30.043687029871784
            ],
            [
              121.48080825805664,
              30.044132821745784
            ],
            [
              121.48080825805664,
              30.046658937805077
            ],
            [
              121.48200988769531,
              30.047847676012697
            ],
            [
              121.48149490356444,
              30.0554255466949
            ]
          ]
        ]
      }
    },
    {
      "type": "Feature",
      "properties": {
        "name": "洪塘",
        "stroke": "#555555",
        "stroke-width": 2,
        "stroke-opacity": 1,
        "fill": "#555555",
        "fill-opacity": 0.5,
        "adcode": 33022502,
        "parent": {
          "adcode": 330225
        },
        "level": "town"
      },
      "geometry": {
        "type": "Polygon",
        "coordinates": [
          [
            [
              121.48853302001953,
              29.98794725362363
            ],
            [
              121.48166656494139,
              29.971590978566113
            ],
            [
              121.48475646972656,
              29.9641554177363
            ],
            [
              121.47205352783203,
              29.95225736323297
            ],
            [
              121.45866394042967,
              29.95225736323297
            ],
            [
              121.45248413085938,
              29.935969592870133
            ],
            [
              121.45471572875975,
              29.933589421365063
            ],
            [
              121.45488739013672,
              29.930539743418084
            ],
            [
              121.45437240600586,
              29.924514495212424
            ],
            [
              121.4564323425293,
              29.92168770986759
            ],
            [
              121.46304130554199,
              29.91670344544461
            ],
            [
              121.46535873413086,
              29.91395083427025
            ],
            [
              121.47085189819336,
              29.90889178288874
            ],
            [
              121.47574424743651,
              29.906510963908634
            ],
            [
              121.47780418395998,
              29.90606455401477
            ],
            [
              121.48115158081055,
              29.90755257921444
            ],
            [
              121.48312568664551,
              29.91060296138098
            ],
            [
              121.48767471313478,
              29.9210925869352
            ],
            [
              121.49033546447754,
              29.922877945059557
            ],
            [
              121.49385452270508,
              29.92347305731908
            ],
            [
              121.49866104125975,
              29.9222084395151
            ],
            [
              121.50072097778319,
              29.920348678266897
            ],
            [
              121.50484085083008,
              29.915587531166274
            ],
            [
              121.51033401489258,
              29.904502103632407
            ],
            [
              121.51222229003906,
              29.903237244898204
            ],
            [
              121.52132034301758,
              29.907254975952775
            ],
            [
              121.51977539062499,
              29.943927877830014
            ],
            [
              121.52561187744139,
              29.952852299779007
            ],
            [
              121.51977539062499,
              29.96623743085244
            ],
            [
              121.52492523193358,
              29.973078023962554
            ],
            [
              121.52286529541016,
              29.98051291706061
            ],
            [
              121.51977539062499,
              29.984676214106376
            ],
            [
              121.51342391967773,
              29.983114998167792
            ],
            [
              121.51162147521973,
              29.985642668815547
            ],
            [
              121.50793075561522,
              29.985493984087924
            ],
            [
              121.50123596191405,
              29.98846763633865
            ],
            [
              121.49462699890137,
              29.988764996665527
            ],
            [
              121.48853302001953,
              29.98794725362363
            ]
          ]
        ]
      }
    },
    {
      "type": "Feature",
      "properties": {
        "stroke": "#555555",
        "stroke-width": 2,
        "stroke-opacity": 1,
        "fill": "#555555",
        "fill-opacity": 0.5,
        "name": "庄桥",
        "adcode": 33022503,
        "parent": {
          "adcode": 330225
        },
        "level": "town"
      },
      "geometry": {
        "type": "Polygon",
        "coordinates": [
          [
            [
              121.51986122131346,
              29.984453184760756
            ],
            [
              121.52277946472168,
              29.980661609246177
            ],
            [
              121.52483940124512,
              29.973152375648127
            ],
            [
              121.51968955993651,
              29.966311787657
            ],
            [
              121.52544021606445,
              29.952926666596973
            ],
            [
              121.51968955993651,
              29.943927877830014
            ],
            [
              121.52123451232912,
              29.907254975952775
            ],
            [
              121.52750015258789,
              29.909114981750598
            ],
            [
              121.5329074859619,
              29.90747817848237
            ],
            [
              121.53419494628905,
              29.909114981750598
            ],
            [
              121.53925895690918,
              29.908370983599376
            ],
            [
              121.54784202575684,
              29.91752177463388
            ],
            [
              121.55247688293457,
              29.920720633295886
            ],
            [
              121.56002998352052,
              29.912462904658106
            ],
            [
              121.56689643859863,
              29.915215556961137
            ],
            [
              121.5717029571533,
              29.919902330397818
            ],
            [
              121.57402038574219,
              29.92734120028461
            ],
            [
              121.57307624816893,
              29.931134809868684
            ],
            [
              121.57865524291992,
              29.933068751258734
            ],
            [
              121.58329010009766,
              29.937605927751633
            ],
            [
              121.58543586730956,
              29.9408785167749
            ],
            [
              121.57882690429688,
              29.947274629914507
            ],
            [
              121.57848358154297,
              29.95225736323297
            ],
            [
              121.57530784606934,
              29.952554831950987
            ],
            [
              121.57359123229979,
              29.95709111962643
            ],
            [
              121.56998634338379,
              29.957686027247586
            ],
            [
              121.56929969787598,
              29.959545090616956
            ],
            [
              121.56681060791016,
              29.959768175884843
            ],
            [
              121.56208992004395,
              29.95909891857917
            ],
            [
              121.56208992004395,
              29.96214772092237
            ],
            [
              121.55754089355469,
              29.966460501099206
            ],
            [
              121.55385017395018,
              29.96512207210762
            ],
            [
              121.55273437499999,
              29.968542465921928
            ],
            [
              121.53685569763182,
              29.983189342340484
            ],
            [
              121.53385162353516,
              29.983635406207863
            ],
            [
              121.52921676635742,
              29.987649890847624
            ],
            [
              121.52252197265626,
              29.98683213862156
            ],
            [
              121.52106285095213,
              29.984824900058488
            ],
            [
              121.51986122131346,
              29.984453184760756
            ]
          ]
        ]
      }
    },
    {
      "type": "Feature",
      "properties": {
        "name": "甬江",
        "stroke": "#555555",
        "stroke-width": 2,
        "stroke-opacity": 1,
        "fill": "#555555",
        "fill-opacity": 0.5,
        "adcode": 33022504,
        "parent": {
          "adcode": 330225
        },
        "level": "town"
      },
      "geometry": {
        "type": "Polygon",
        "coordinates": [
          [
            [
              121.53264999389648,
              29.90747817848237
            ],
            [
              121.53316497802734,
              29.907254975952775
            ],
            [
              121.53204917907715,
              29.9047997151184
            ],
            [
              121.53136253356934,
              29.90189796520562
            ],
            [
              121.53067588806152,
              29.898921723656322
            ],
            [
              121.53625488281249,
              29.899740198944674
            ],
            [
              121.54011726379393,
              29.9009306964535
            ],
            [
              121.54294967651367,
              29.90122831860814
            ],
            [
              121.54629707336426,
              29.900186637177384
            ],
            [
              121.54603958129881,
              29.896094211842065
            ],
            [
              121.55170440673828,
              29.895945393208432
            ],
            [
              121.55556678771973,
              29.895870983808262
            ],
            [
              121.5556526184082,
              29.893936319903307
            ],
            [
              121.55994415283202,
              29.894382784137868
            ],
            [
              121.5622615814209,
              29.90167475017321
            ],
            [
              121.56157493591309,
              29.906734168105377
            ],
            [
              121.56414985656738,
              29.907403777694736
            ],
            [
              121.56552314758301,
              29.901823560250385
            ],
            [
              121.57015800476074,
              29.901451534640717
            ],
            [
              121.5849208831787,
              29.90785018158697
            ],
            [
              121.58680915832518,
              29.90747817848237
            ],
            [
              121.59041404724121,
              29.906213357535016
            ],
            [
              121.59178733825684,
              29.905990152171317
            ],
            [
              121.60028457641602,
              29.90859418362824
            ],
            [
              121.60457611083983,
              29.90606455401477
            ],
            [
              121.61032676696777,
              29.903683667461646
            ],
            [
              121.61590576171876,
              29.903386052641643
            ],
            [
              121.62577629089357,
              29.905543739943536
            ],
            [
              121.6310977935791,
              29.905246130680318
            ],
            [
              121.63435935974123,
              29.90271641604594
            ],
            [
              121.63607597351073,
              29.899144944856257
            ],
            [
              121.63968086242676,
              29.902046774949397
            ],
            [
              121.640625,
              29.901600345051293
            ],
            [
              121.6457748413086,
              29.90822218330225
            ],
            [
              121.64294242858887,
              29.912909285876015
            ],
            [
              121.63882255554198,
              29.911346942860018
            ],
            [
              121.63504600524902,
              29.911346942860018
            ],
            [
              121.63427352905272,
              29.91387643831764
            ],
            [
              121.63204193115234,
              29.913653250126316
            ],
            [
              121.63281440734862,
              29.916405869526507
            ],
            [
              121.6285228729248,
              29.91625708123397
            ],
            [
              121.62843704223634,
              29.911718931515455
            ],
            [
              121.6201114654541,
              29.911495738488924
            ],
            [
              121.61873817443848,
              29.91729859461289
            ],
            [
              121.61779403686522,
              29.918191311695395
            ],
            [
              121.61187171936034,
              29.913504457720887
            ],
            [
              121.61504745483397,
              29.90993337329823
            ],
            [
              121.61092758178711,
              29.908370983599376
            ],
            [
              121.60526275634764,
              29.91276049235902
            ],
            [
              121.60740852355957,
              29.91372764624566
            ],
            [
              121.60294532775879,
              29.915661925840578
            ],
            [
              121.60200119018553,
              29.926448565250006
            ],
            [
              121.60380363464355,
              29.92942398423265
            ],
            [
              121.60028457641602,
              29.932622460427737
            ],
            [
              121.60157203674316,
              29.936267110304886
            ],
            [
              121.60037040710449,
              29.938349707437325
            ],
            [
              121.59573554992676,
              29.93953974336838
            ],
            [
              121.59547805786131,
              29.93857284025873
            ],
            [
              121.59281730651854,
              29.939465366539732
            ],
            [
              121.59170150756836,
              29.93849846270721
            ],
            [
              121.58766746520998,
              29.94020913232378
            ],
            [
              121.58706665039062,
              29.93953974336838
            ],
            [
              121.5853500366211,
              29.940804140947215
            ],
            [
              121.58337593078613,
              29.93768030597041
            ],
            [
              121.57848358154297,
              29.932994369592567
            ],
            [
              121.57316207885744,
              29.931060426756968
            ],
            [
              121.57393455505371,
              29.92726681433749
            ],
            [
              121.57178878784178,
              29.920051113243186
            ],
            [
              121.56689643859863,
              29.915141161953354
            ],
            [
              121.56002998352052,
              29.91253730166671
            ],
            [
              121.55256271362303,
              29.920646242401247
            ],
            [
              121.54784202575684,
              29.917596167863042
            ],
            [
              121.53925895690918,
              29.90859418362824
            ],
            [
              121.53410911560057,
              29.909114981750598
            ],
            [
              121.53264999389648,
              29.90747817848237
            ]
          ]
        ]
      }
    },
    {
      "type": "Feature",
      "properties": {
        "name":"城区",
        "stroke": "#555555",
        "stroke-width": 2,
        "stroke-opacity": 1,
        "fill": "#555555",
        "fill-opacity": 0.5,
        "adcode": 33022505,
        "parent": {"adcode":330225},
        "level": "town"
      },
      "geometry": {
        "type": "Polygon",
        "coordinates": [
          [
            [
              121.53067588806152,
              29.89884731647854
            ],
            [
              121.52861595153809,
              29.89051336099478
            ],
            [
              121.53505325317384,
              29.889248324693007
            ],
            [
              121.5373706817627,
              29.89029012046104
            ],
            [
              121.54518127441406,
              29.890885427439947
            ],
            [
              121.54706954956055,
              29.887313532237645
            ],
            [
              121.5571117401123,
              29.874215488260994
            ],
            [
              121.56037330627441,
              29.872801391992812
            ],
            [
              121.56174659729002,
              29.873694507757744
            ],
            [
              121.56311988830565,
              29.878383234323238
            ],
            [
              121.56741142272949,
              29.88619728873981
            ],
            [
              121.57299041748045,
              29.88991805179381
            ],
            [
              121.57711029052736,
              29.891555143541424
            ],
            [
              121.58775329589844,
              29.894903656550348
            ],
            [
              121.59916877746582,
              29.89721034451072
            ],
            [
              121.61659240722658,
              29.903386052641643
            ],
            [
              121.61058425903319,
              29.90353486016277
            ],
            [
              121.60019874572754,
              29.90851978367419
            ],
            [
              121.59152984619139,
              29.905841348317672
            ],
            [
              121.58466339111328,
              29.90770138051183
            ],
            [
              121.57041549682616,
              29.901451534640717
            ],
            [
              121.56535148620605,
              29.90167475017321
            ],
            [
              121.56414985656738,
              29.907254975952775
            ],
            [
              121.56166076660156,
              29.906734168105377
            ],
            [
              121.5622615814209,
              29.90189796520562
            ],
            [
              121.56011581420898,
              29.89453160510493
            ],
            [
              121.5556526184082,
              29.893936319903307
            ],
            [
              121.55548095703125,
              29.895722164841256
            ],
            [
              121.54586791992188,
              29.896019802553035
            ],
            [
              121.5462112426758,
              29.900261043355044
            ],
            [
              121.54294967651367,
              29.90122831860814
            ],
            [
              121.54003143310545,
              29.900856290775923
            ],
            [
              121.53616905212401,
              29.899740198944674
            ],
            [
              121.53067588806152,
              29.89884731647854
            ]
          ]
        ]
      }
    }
  ]
}